{
  "indices": {
    "i_peak": 0,
    "i_half": 15287,
    "i_minLam": 277372,
    "i_star": 277386
  },
  "r_values": {
    "r_half": 4.0020645241927255,
    "r_minLam": 17.17487640422132,
    "r_star": 17.66105272230224
  },
  "lambda": {
    "half": 2.645313920512502,
    "min": 4.091790355269324e-07,
    "star": 4.794550019854412e-06,
    "lam_needed_for_target": 4.8344916281142204e-06
  },
  "m_eff_eV": {
    "half": 8.244329589983021e-24,
    "min": 3.242451017509062e-27,
    "star": 1.1099174102582452e-26
  },
  "z_c": {
    "half": 445476.390951251,
    "min": 8000.497591392741,
    "star": 15466.149495326808,
    "target": 15500.0
  },
  "scales": {
    "Lambda_star_eV": 0.72,
    "v_phys_over_Mpl": 4.2e-05
  },
  "cosmo": {
    "H0": 72.0,
    "Om": 0.322,
    "Neff": 3.046,
    "Or": 8.05733479050926e-05
  }
}